campo;antes;depois_preparado;status
"Título 3 de 15";"Resultado em 24h Garantido";"Consulte Prazos e Preparo";"bloqueado_chave_de_acesso_nao_salvo"
"Título 6 de 15";"Exame Admissional Rápido";"Exames Laboratoriais";"bloqueado_chave_de_acesso_nao_salvo"
"Título 7 de 15";"Convenios e Particular";"Convênios e Particular";"bloqueado_chave_de_acesso_nao_salvo"
"Título 12 de 15";"Toxicológico para CNH";"Consulte Preparo e Valores";"bloqueado_chave_de_acesso_nao_salvo"
"Título 13 de 15";"Beta hCG e Pré-Natal";"Análises Clínicas";"bloqueado_chave_de_acesso_nao_salvo"
"Título 14 de 15";"Resultados Online 24h";"Resultados Disponíveis Online";"bloqueado_chave_de_acesso_nao_salvo"
"Título 15 de 15";"Ligue e Agende Agora";"Fale com o Laboratório";"bloqueado_chave_de_acesso_nao_salvo"
"Título longo 1 de 5";"Total Quality – Laboratório em Caraguatatuba | Resultado em 24h";"Total Quality – Laboratório em Caraguatatuba | Consulte Prazos e Preparo";"bloqueado_chave_de_acesso_nao_salvo"
"Título longo 2 de 5";"Mais de 3.000 Tipos de Exames com Coleta Domiciliar | Aceitamos Convênios";"Exames Laboratoriais em Caraguatatuba | Consulte Convênios e Coleta Domiciliar";"bloqueado_chave_de_acesso_nao_salvo"
"Título longo 3 de 5";"Exame de Sangue em Caraguatatuba | Hemograma e Check-up com Resultado em 24h";"Exames de Sangue em Caraguatatuba | Hemograma e Check-up na Total Quality";"bloqueado_chave_de_acesso_nao_salvo"
"Descrição 1 de 5";"Mais de 3.000 tipos de exames laboratoriais e de imagem. Resultados rápidos em 24h.";"Exames laboratoriais em Caraguatatuba. Consulte o preparo e o prazo do seu exame.";"bloqueado_chave_de_acesso_nao_salvo"
"Descrição 2 de 5";"Coleta domiciliar disponível. Aceitamos os principais convênios e particular.";"Convênios e particular. Consulte cobertura e disponibilidade de coleta domiciliar.";"bloqueado_chave_de_acesso_nao_salvo"
"Descrição 3 de 5";"Atendimento humanizado no centro de Caraguatatuba. Agende seu exame admissional.";"Atendimento humanizado no centro de Caraguatatuba. Fale com a equipe pelo WhatsApp.";"bloqueado_chave_de_acesso_nao_salvo"
"Descrição 4 de 5";"Laboratório com avaliação 4.4 estrelas. Mais de 270 pacientes satisfeitos.";"Coleta por ordem de chegada. Consulte orientações e valores antes de comparecer.";"bloqueado_chave_de_acesso_nao_salvo"
"Descrição 5 de 5";"Faça seu exame de sangue com coleta rápida e resultado em 24h. Agende agora mesmo!";"Exames de sangue e resultados online. Tire suas dúvidas com a equipe do laboratório.";"bloqueado_chave_de_acesso_nao_salvo"
